,id,adult,budget,genres,original_language,original_title,popularity,production_companies,production_countries,release_date,revenue,runtime,spoken_languages,status,tagline,vote_average,vote_count,video,title,belongs_to_collection,overview,homepage,imdb_id,poster_path,crew,cast,keywords
0,1090803,False,0,[],en,Broken Angel,0.0,[],[],,0,0,[],Released,,0.0,0,False,Broken Angel,,,,tt21234230,,[],[],[]
1,1090787,False,0,[],en,Down River,0.0,[],[],,0,0,[],Released,,0.0,0,False,Down River,,,,,,[],[],[]
2,1090778,False,0,[],en,The Animated Iliad,0.0,[],[],,0,76,"[{'english_name': 'English', 'iso_639_1': 'en', 'name': 'English'}]",Released,Don't Wake Up For A While.,0.0,0,False,The Animated Iliad,,"A musical adaptation of the epic poem by Homer, with 24 original songs, one for each of the 24 books of the poem.",,tt26427751,,[],[],[]
3,1090598,False,0,"[{'id': 99, 'name': 'Documentary'}]",es,Surfing with Socialism,0.0,"[{'id': 194170, 'logo_path': None, 'name': ""Crazy Stacey's Surf Films"", 'origin_country': ''}]","[{'iso_3166_1': 'CR', 'name': 'Costa Rica'}]",2022-01-01,0,21,"[{'english_name': 'Spanish', 'iso_639_1': 'es', 'name': 'Español'}]",Released,,0.0,0,False,Surfing with Socialism,,"A politically twisted surfing/travelogue documentary on Costa Rica. A funny, satirically-spinning doc, with great footage of surfers in the wash. A historical account about a guy reflecting on his time in socialistic Costa Rica.",,,/z9hni6v7zmigRlZUfO8zcGMBGEM.jpg,"[{'adult': False, 'gender': 1, 'id': 3156303, 'known_for_department': 'Production', 'name': 'Stacey Thomas', 'original_name': 'Stacey Thomas', 'popularity': 0.6, 'profile_path': None, 'credit_id': '63f7593bd1ca2a00b27a470a', 'department': 'Directing', 'job': 'Director'}, {'adult': False, 'gender': 1, 'id': 3156303, 'known_for_department': 'Production', 'name': 'Stacey Thomas', 'original_name': 'Stacey Thomas', 'popularity': 0.6, 'profile_path': None, 'credit_id': '63f7594268b1ea0079cbe49f', 'department': 'Writing', 'job': 'Writer'}]",[],[]
4,1090494,False,0,[],en,Sorrow had a baby,0.0,[],"[{'iso_3166_1': 'IE', 'name': 'Ireland'}]",2022-01-01,0,18,[],Released,,0.0,0,False,Sorrow had a baby,,"‘I absorbed the women in my life as I would chloroform on a cloth laid against my face.’ (Vivian Gornick). Sorrow had a baby explores the mother-daughter relationship through multiple lenses: memory, beauty, and inheritance. Jumping between home movies, TV shows, and raw intimate documentary footage the short film asks: Who writes the stories in a family? Who can change them?",,,,"[{'adult': False, 'gender': 1, 'id': 2370030, 'known_for_department': 'Directing', 'name': 'Myrid Carten', 'original_name': 'Myrid Carten', 'popularity': 0.6, 'profile_path': None, 'credit_id': '63f6f6c546f354007cf94ea0', 'department': 'Directing', 'job': 'Director'}]",[],[]
5,1090483,False,0,[],en,Is it a knife because…,0.0,[],"[{'iso_3166_1': 'BE', 'name': 'Belgium'}]",2022-01-01,0,25,[],Released,,0.0,0,False,Is it a knife because…,,"A film made at home; an uncompromising look at ways in which parenthood and the process of filmmaking crush into each other. Through a collection of family videos, the film challenges the dynamics of agency that children and grown-ups have over their images. Different forms of entangled love and violence are rendered visible and audible within the household setting in an honest attempt to understand where light comes from — and all the while, the police are outside the window.",,,,"[{'adult': False, 'gender': 0, 'id': 2230422, 'known_for_department': 'Directing', 'name': 'Sirah Foighel Brutmann', 'original_name': 'Sirah Foighel Brutmann', 'popularity': 0.6, 'profile_path': None, 'credit_id': '63f6efa446f354007cf94ae1', 'department': 'Directing', 'job': 'Director'}, {'adult': False, 'gender': 0, 'id': 2230423, 'known_for_department': 'Directing', 'name': 'Eitan Efrat', 'original_name': 'Eitan Efrat', 'popularity': 0.6, 'profile_path': None, 'credit_id': '63f6ef9368b1ea0079cbbd54', 'department': 'Directing', 'job': 'Director'}]",[],[]
6,1090479,False,0,[],en,False Wife,0.0,[],"[{'iso_3166_1': 'GB', 'name': 'United Kingdom'}]",2022-01-01,0,16,[],Released,,0.0,0,False,False Wife,,"False Wife is a work that leads its visitors through an ordeal of transformation. A poppers training video is typically a user-made compilation of pornographic clips paired with text, hypnotic music, voice-overs and instructions for action. False Wife is a poppers training video, but its material is ambiguous and obscure. Its narrative, drawn from a variety of folk tales in which transformation occurs, reflects on themes of desire, shame, transgression and the longing for change.",,,,"[{'adult': False, 'gender': 0, 'id': 2174709, 'known_for_department': 'Directing', 'name': 'Jamie Crewe', 'original_name': 'Jamie Crewe', 'popularity': 0.6, 'profile_path': None, 'credit_id': '63f6ec4ed1ca2a0079a0b995', 'department': 'Directing', 'job': 'Director'}]",[],[]
7,1090331,False,0,"[{'id': 16, 'name': 'Animation'}]",en,Text Me When You’re Home,0.6,[],[],2022-01-01,0,3,[],Released,,0.0,0,False,Text Me When You’re Home,,"After being harassed on public transport one evening, a young woman must make her way home on her own.",,,,"[{'adult': False, 'gender': 0, 'id': 3934194, 'known_for_department': 'Directing', 'name': 'Joanna Lang', 'original_name': 'Joanna Lang', 'popularity': 0.6, 'profile_path': None, 'credit_id': '63f676403d745400b2886df2', 'department': 'Directing', 'job': 'Director'}, {'adult': False, 'gender': 0, 'id': 3934194, 'known_for_department': 'Directing', 'name': 'Joanna Lang', 'original_name': 'Joanna Lang', 'popularity': 0.6, 'profile_path': None, 'credit_id': '63f67661d1ca2a0086ffa8aa', 'department': 'Writing', 'job': 'Writer'}, {'adult': False, 'gender': 0, 'id': 3934195, 'known_for_department': 'Directing', 'name': 'Nora Dahlheim', 'original_name': 'Nora Dahlheim', 'popularity': 0.6, 'profile_path': None, 'credit_id': '63f67648d1ca2a00f0091cd0', 'department': 'Directing', 'job': 'Director'}]",[],[]
8,1090324,False,25000,"[{'id': 16, 'name': 'Animation'}, {'id': 10751, 'name': 'Family'}]",en,Cinderella: Ruby's Storytime,0.6,"[{'id': 194108, 'logo_path': None, 'name': 'Family Roberto Productions', 'origin_country': ''}]","[{'iso_3166_1': 'US', 'name': 'United States of America'}]",2022-01-01,0,20,"[{'english_name': 'English', 'iso_639_1': 'en', 'name': 'English'}]",Released,Cinderella short animated full story video.,0.0,0,False,Cinderella: Ruby's Storytime,,"A family favorite story for young and old alike. The fairy godmother visits the young girl, and suddenly, her life begins to change. A night of fantasy, magic, and love. “Dream once; that’s enough to start your journey.”",,,/tpmCVz7FvAbErmUY7hIEi5MTnXR.jpg,"[{'adult': False, 'gender': 0, 'id': 2448433, 'known_for_department': 'Acting', 'name': 'Levente Szabo', 'original_name': 'Levente Szabo', 'popularity': 0.6, 'profile_path': None, 'credit_id': '63f6706269c70f0086fef5ae', 'department': 'Production', 'job': 'Producer'}, {'adult': False, 'gender': 0, 'id': 2448433, 'known_for_department': 'Acting', 'name': 'Levente Szabo', 'original_name': 'Levente Szabo', 'popularity': 0.6, 'profile_path': None, 'credit_id': '63f6706f3d7454008efcd0b7', 'department': 'Crew', 'job': 'Creator'}, {'adult': False, 'gender': 0, 'id': 3111199, 'known_for_department': 'Directing', 'name': 'Vince Rundus', 'original_name': 'Vince Rundus', 'popularity': 0.6, 'profile_path': None, 'credit_id': '63f670b169c70f0082217ccb', 'department': 'Directing', 'job': 'Director'}, {'adult': False, 'gender': 0, 'id': 3934165, 'known_for_department': 'Acting', 'name': 'Jena Rundus', 'original_name': 'Jena Rundus', 'popularity': 0.6, 'profile_path': None, 'credit_id': '63f670c268b1ea0082f5a4cb', 'department': 'Writing', 'job': 'Writer'}, {'adult': False, 'gender': 0, 'id': 3934167, 'known_for_department': 'Production', 'name': 'Sandra Szabo', 'original_name': 'Sandra Szabo', 'popularity': 0.6, 'profile_path': None, 'credit_id': '63f67053d1ca2a00b279d56f', 'department': 'Production', 'job': 'Producer'}, {'adult': False, 'gender': 0, 'id': 3934167, 'known_for_department': 'Production', 'name': 'Sandra Szabo', 'original_name': 'Sandra Szabo', 'popularity': 0.6, 'profile_path': None, 'credit_id': '63f670785a7884008995d688', 'department': 'Crew', 'job': 'Creator'}]","[{'adult': False, 'gender': 0, 'id': 3934165, 'known_for_department': 'Acting', 'name': 'Jena Rundus', 'original_name': 'Jena Rundus', 'popularity': 0.6, 'profile_path': None, 'cast_id': 1, 'character': 'Ruby', 'credit_id': '63f670355a788400814e8597', 'order': 0}, {'adult': False, 'gender': 0, 'id': 2830150, 'known_for_department': 'Acting', 'name': 'Reagan Rundus', 'original_name': 'Reagan Rundus', 'popularity': 0.84, 'profile_path': None, 'cast_id': 2, 'character': 'Cinderella', 'credit_id': '63f670411f3319007c8be825', 'order': 1}]",[]
9,1090119,False,10000,"[{'id': 16, 'name': 'Animation'}, {'id': 878, 'name': 'Science Fiction'}, {'id': 18, 'name': 'Drama'}]",de,Solitary,0.6,[],[],2022-01-01,0,62,"[{'english_name': 'German', 'iso_639_1': 'de', 'name': 'Deutsch'}]",Released,How FAR would u go to save your Planet. Would u give UP,0.0,0,False,Solitary,,"A journey to colonize an exoplanet in order to save humanity. Due to technical problems, a crew member was thrown into space. Now it's up to him can he complete the mission or if will he get lost in space?",,tt26747321,/2ntZTs8ghCISFpTYA7hxo2MwLQ3.jpg,"[{'adult': False, 'gender': 0, 'id': 3923950, 'known_for_department': 'Production', 'name': 'Egan T Guenthers', 'original_name': 'Egan T Guenthers', 'popularity': 0.6, 'profile_path': None, 'credit_id': '63f5f7d725b95500dd941d51', 'department': 'Directing', 'job': 'Director'}, {'adult': False, 'gender': 0, 'id': 3923950, 'known_for_department': 'Production', 'name': 'Egan T Guenthers', 'original_name': 'Egan T Guenthers', 'popularity': 0.6, 'profile_path': None, 'credit_id': '63f5f7e5fc31d3008128f669', 'department': 'Writing', 'job': 'Writer'}]","[{'adult': False, 'gender': 2, 'id': 1026022, 'known_for_department': 'Acting', 'name': 'Tobias Meister', 'original_name': 'Tobias Meister', 'popularity': 0.84, 'profile_path': '/vugxtc2dZvdoINWWsFEQti7sibN.jpg', 'cast_id': 1, 'character': 'Logan Carter', 'credit_id': '63f5f792992fe60081186c79', 'order': 0}, {'adult': False, 'gender': 1, 'id': 1158278, 'known_for_department': 'Acting', 'name': 'Antje von der Ahe', 'original_name': 'Antje von der Ahe', 'popularity': 0.6, 'profile_path': None, 'cast_id': 2, 'character': 'A.I.N.A', 'credit_id': '63f5f7a0fc31d3008128f658', 'order': 1}, {'adult': False, 'gender': 0, 'id': 3933648, 'known_for_department': 'Acting', 'name': 'Ushi Hugo', 'original_name': 'Ushi Hugo', 'popularity': 0.6, 'profile_path': None, 'cast_id': 3, 'character': 'Madison Hall', 'credit_id': '63f5f7b48c22c00084e748b7', 'order': 2}, {'adult': False, 'gender': 2, 'id': 1530902, 'known_for_department': 'Acting', 'name': 'Hanns Jörg Krumpholz', 'original_name': 'Hanns Jörg Krumpholz', 'popularity': 1.094, 'profile_path': '/vLvhKyP8Nh9hlP3CSp3Jq067xJ8.jpg', 'cast_id': 4, 'character': 'Howard Mercer', 'credit_id': '63f5f7c3992fe60081186c85', 'order': 3}]",[]
10,1089894,False,0,[],fr,Simon sans préavis,0.6,[],[],2022-01-01,0,10,"[{'english_name': 'French', 'iso_639_1': 'fr', 'name': 'Français'}]",Released,,0.0,0,False,Simon sans préavis,,We follow the journey of a neglected electronics salesman on the run with a television. His escape will bring him to cross lunar heights and free himself from his burden.,,,/3Yhl4k7xY6isMNqBavsxG74L2GO.jpg,"[{'adult': False, 'gender': 0, 'id': 2596283, 'known_for_department': 'Crew', 'name': 'Alec Lemonde', 'original_name': 'Alec Lemonde', 'popularity': 0.6, 'profile_path': None, 'credit_id': '63f5021aa24c501339e343e0', 'department': 'Camera', 'job': 'Director of Photography'}, {'adult': False, 'gender': 0, 'id': 3932844, 'known_for_department': 'Directing', 'name': 'Jérémie Scoulsky-Lavigne', 'original_name': 'Jérémie Scoulsky-Lavigne', 'popularity': 0.6, 'profile_path': None, 'credit_id': '63f501f8caaca20085794674', 'department': 'Directing', 'job': 'Director'}, {'adult': False, 'gender': 0, 'id': 3932844, 'known_for_department': 'Directing', 'name': 'Jérémie Scoulsky-Lavigne', 'original_name': 'Jérémie Scoulsky-Lavigne', 'popularity': 0.6, 'profile_path': None, 'credit_id': '63f50251a24c5012e79af2c2', 'department': 'Editing', 'job': 'Editor'}, {'adult': False, 'gender': 0, 'id': 3932844, 'known_for_department': 'Directing', 'name': 'Jérémie Scoulsky-Lavigne', 'original_name': 'Jérémie Scoulsky-Lavigne', 'popularity': 0.6, 'profile_path': None, 'credit_id': '63f502bafbe36f00d4c6e2a3', 'department': 'Writing', 'job': 'Writer'}, {'adult': False, 'gender': 0, 'id': 3932845, 'known_for_department': 'Sound', 'name': 'Phillipe Racz', 'original_name': 'Phillipe Racz', 'popularity': 0.6, 'profile_path': None, 'credit_id': '63f502a7caaca200857946a4', 'department': 'Sound', 'job': 'Sound Designer'}, {'adult': False, 'gender': 0, 'id': 3932845, 'known_for_department': 'Sound', 'name': 'Phillipe Racz', 'original_name': 'Phillipe Racz', 'popularity': 0.6, 'profile_path': None, 'credit_id': '63f5026f52497800dc453b27', 'department': 'Sound', 'job': 'Music'}, {'adult': False, 'gender': 0, 'id': 3932846, 'known_for_department': 'Art', 'name': 'Corbeil Fabien', 'original_name': 'Corbeil Fabien', 'popularity': 0.6, 'profile_path': None, 'credit_id': '63f502986f97460081aa7653', 'department': 'Art', 'job': 'Production Design'}]",[],[]
11,1089377,False,0,[],fr,Pupilles,0.6,[],[],2022-01-01,0,12,"[{'english_name': 'French', 'iso_639_1': 'fr', 'name': 'Français'}]",Released,,0.0,0,False,Pupilles,,"Pupilles is a movie about a boy in his twenties, Mathieu, trying to explain how dope affected his life in group therapy.",,,/1vSQCmeVTFfFn8kGT2OD957WnwP.jpg,"[{'adult': False, 'gender': 0, 'id': 2978943, 'known_for_department': 'Camera', 'name': 'Raphaël Desharnais', 'original_name': 'Raphaël Desharnais', 'popularity': 0.6, 'profile_path': None, 'credit_id': '63f38ea615376c0083372d6d', 'department': 'Camera', 'job': 'Director of Photography'}, {'adult': False, 'gender': 2, 'id': 3163164, 'known_for_department': 'Acting', 'name': 'Thierry Larose', 'original_name': 'Thierry Larose', 'popularity': 0.6, 'profile_path': '/qRoxRZ1nVdj0cEXJQOp1KSGWDg4.jpg', 'credit_id': '63f38eb715376c00b1ef72fe', 'department': 'Sound', 'job': 'Music'}, {'adult': False, 'gender': 0, 'id': 3201732, 'known_for_department': 'Sound', 'name': 'Pascal Larose-Picher', 'original_name': 'Pascal Larose-Picher', 'popularity': 0.6, 'profile_path': None, 'credit_id': '63f38f0fa24c5000a13dba11', 'department': 'Sound', 'job': 'Sound Mixer'}, {'adult': False, 'gender': 0, 'id': 3658511, 'known_for_department': 'Directing', 'name': 'Laurence Tremblay', 'original_name': 'Laurence Tremblay', 'popularity': 0.6, 'profile_path': None, 'credit_id': '63f38e68a6725400c9f3f31d', 'department': 'Directing', 'job': 'Director'}, {'adult': False, 'gender': 0, 'id': 3658511, 'known_for_department': 'Directing', 'name': 'Laurence Tremblay', 'original_name': 'Laurence Tremblay', 'popularity': 0.6, 'profile_path': None, 'credit_id': '63f38e92a24c5000848dd9b5', 'department': 'Writing', 'job': 'Writer'}, {'adult': False, 'gender': 0, 'id': 3931184, 'known_for_department': 'Costume & Make-Up', 'name': 'Sandrine Deschênes-Lemieux', 'original_name': 'Sandrine Deschênes-Lemieux', 'popularity': 0.6, 'profile_path': None, 'credit_id': '63f38ef7caaca200892f5595', 'department': 'Costume & Make-Up', 'job': 'Costume Designer'}, {'adult': False, 'gender': 0, 'id': 3931186, 'known_for_department': 'Art', 'name': 'Caroline Rouleau', 'original_name': 'Caroline Rouleau', 'popularity': 0.6, 'profile_path': None, 'credit_id': '63f38ec7a6725400c9f3f37a', 'department': 'Art', 'job': 'Production Design'}, {'adult': False, 'gender': 0, 'id': 3931210, 'known_for_department': 'Art', 'name': 'Sarah Massicotte', 'original_name': 'Sarah Massicotte', 'popularity': 0.6, 'profile_path': None, 'credit_id': '63f38edfa24c5000c0ba1816', 'department': 'Art', 'job': 'Production Design'}]","[{'adult': False, 'gender': 0, 'id': 3471871, 'known_for_department': 'Acting', 'name': 'Xavier Goulet', 'original_name': 'Xavier Goulet', 'popularity': 0.6, 'profile_path': '/9eoX3RNI7CSLNbyn1MZVUxl2GJt.jpg', 'cast_id': 2, 'character': '', 'credit_id': '63f38e84a67254007de9c9b5', 'order': 0}]",[]
12,1089308,False,0,"[{'id': 35, 'name': 'Comedy'}, {'id': 18, 'name': 'Drama'}, {'id': 10749, 'name': 'Romance'}]",en,Americanistan,0.6,[],"[{'iso_3166_1': 'US', 'name': 'United States of America'}]",2022-01-01,0,7,"[{'english_name': 'English', 'iso_639_1': 'en', 'name': 'English'}, {'english_name': 'Urdu', 'iso_639_1': 'ur', 'name': 'اردو'}]",Released,,0.0,0,False,Americanistan,,"A rich girl from Pakistan must adjust to lower class American life after getting an arranged marriage. After leaving her family, Iman sacrifices everything by coming to America. She is forced to confront new expectations from her husband, Salim, and struggle with the roles and dynamics of what life is really like in the land of opportunity versus the fantasy in her head.",https://www.houseofgul.com/works/americanistan,,/mv4VlkwUmTVu0V0IUHpxlVDZq3X.jpg,"[{'adult': False, 'gender': 0, 'id': 3930940, 'known_for_department': 'Directing', 'name': 'Ali Godil', 'original_name': 'Ali Godil', 'popularity': 0.6, 'profile_path': None, 'credit_id': '63f36285a24c5000c0b9fbd4', 'department': 'Directing', 'job': 'Director'}]","[{'adult': False, 'gender': 0, 'id': 3429443, 'known_for_department': 'Acting', 'name': 'Esha More', 'original_name': 'Esha More', 'popularity': 0.6, 'profile_path': None, 'cast_id': 1, 'character': 'Iman', 'credit_id': '63f3623fa24c5000a13d9e68', 'order': 0}, {'adult': False, 'gender': 0, 'id': 1939765, 'known_for_department': 'Acting', 'name': 'Ricki Bhullar', 'original_name': 'Ricki Bhullar', 'popularity': 1.4, 'profile_path': None, 'cast_id': 2, 'character': 'Salim', 'credit_id': '63f3624d4a4bfc009638ee6b', 'order': 1}]",[]
13,1089281,False,0,[],en,Gereza,1.176,[],[],2022-01-01,0,100,[],Released,,0.0,0,False,Gereza,,"Three philanthropist entrepreneurs decide to take the law into their own hands when they get an anonymous tip-off and learn that the truck carrying the funds in cash, is going to be hijacked.",,tt22857380,/uQaBqB5s2cDVpJiVWSkflwBwKnf.jpg,[],[],[]
14,1088751,False,0,"[{'id': 99, 'name': 'Documentary'}]",pt,Traços,0.6,[],"[{'iso_3166_1': 'BR', 'name': 'Brazil'}]",2022-01-01,0,0,"[{'english_name': 'Portuguese', 'iso_639_1': 'pt', 'name': 'Português'}]",Released,,0.0,0,False,Traços,,,,,,"[{'adult': False, 'gender': 0, 'id': 3929026, 'known_for_department': 'Directing', 'name': 'Andreza Maria Saldanha', 'original_name': 'Andreza Maria Saldanha', 'popularity': 0.6, 'profile_path': None, 'credit_id': '63f18f7015376c008bc0239c', 'department': 'Directing', 'job': 'Director'}, {'adult': False, 'gender': 0, 'id': 3929028, 'known_for_department': 'Directing', 'name': 'Michele Laviola', 'original_name': 'Michele Laviola', 'popularity': 0.6, 'profile_path': None, 'credit_id': '63f18fa415376c008336234a', 'department': 'Directing', 'job': 'Assistant Director'}, {'adult': False, 'gender': 0, 'id': 3929031, 'known_for_department': 'Production', 'name': 'Vanessa Aragão', 'original_name': 'Vanessa Aragão', 'popularity': 0.6, 'profile_path': None, 'credit_id': '63f18fcd15376c008336236c', 'department': 'Production', 'job': 'Executive Producer'}]","[{'adult': False, 'gender': 0, 'id': 3929016, 'known_for_department': 'Acting', 'name': 'Eduarda Vieira', 'original_name': 'Eduarda Vieira', 'popularity': 0.6, 'profile_path': None, 'cast_id': 1, 'character': '', 'credit_id': '63f18ececaaca200892e4a6f', 'order': 0}, {'adult': False, 'gender': 0, 'id': 3929018, 'known_for_department': 'Acting', 'name': 'Ludmila Nicolete', 'original_name': 'Ludmila Nicolete', 'popularity': 0.6, 'profile_path': None, 'cast_id': 2, 'character': '', 'credit_id': '63f18ef7a6725400a3a2ce59', 'order': 1}, {'adult': False, 'gender': 0, 'id': 3929019, 'known_for_department': 'Acting', 'name': 'Danieli Balbi', 'original_name': 'Danieli Balbi', 'popularity': 0.6, 'profile_path': None, 'cast_id': 3, 'character': '', 'credit_id': '63f18f14a6725400d7c85cbd', 'order': 2}, {'adult': False, 'gender': 0, 'id': 3929021, 'known_for_department': 'Acting', 'name': 'Yanaê Saldanha', 'original_name': 'Yanaê Saldanha', 'popularity': 0.6, 'profile_path': None, 'cast_id': 4, 'character': '', 'credit_id': '63f18f2da24c5000d4e39393', 'order': 3}, {'adult': False, 'gender': 0, 'id': 3929024, 'known_for_department': 'Acting', 'name': 'Márcia Saldanha', 'original_name': 'Márcia Saldanha', 'popularity': 0.6, 'profile_path': None, 'cast_id': 5, 'character': '', 'credit_id': '63f18f43a24c500078c8e2f6', 'order': 4}]",[]
15,1088392,False,0,"[{'id': 99, 'name': 'Documentary'}]",en,Vengeance in the Making,0.6,[],[],2022-01-01,0,54,[],Released,,0.0,0,False,Vengeance in the Making,,Making of featurette released on The Batman Blu Ray release.,,tt23030830,/x98TQ1mx8k3YyKmR8fQTE5vv5e3.jpg,[],"[{'adult': False, 'gender': 2, 'id': 11288, 'known_for_department': 'Acting', 'name': 'Robert Pattinson', 'original_name': 'Robert Pattinson', 'popularity': 51.08, 'profile_path': '/6RVxNlNmc0DIfZzaJKCJM43If3M.jpg', 'cast_id': 1, 'character': 'Self', 'credit_id': '63f0640da24c5000848c5e6c', 'order': 0}, {'adult': False, 'gender': 1, 'id': 37153, 'known_for_department': 'Acting', 'name': 'Zoë Kravitz', 'original_name': 'Zoë Kravitz', 'popularity': 25.223, 'profile_path': '/tiQ3TBSvU4YAyrWMmVk6MTrKBAi.jpg', 'cast_id': 2, 'character': 'Self', 'credit_id': '63f0641dcaaca2007f5e3883', 'order': 1}, {'adult': False, 'gender': 2, 'id': 17142, 'known_for_department': 'Acting', 'name': 'Paul Dano', 'original_name': 'Paul Dano', 'popularity': 45.93, 'profile_path': '/zEJJsm0z07EPNl2Pi1h67xuCmcA.jpg', 'cast_id': 3, 'character': 'Self', 'credit_id': '63f06430524978008efcd223', 'order': 2}, {'adult': False, 'gender': 2, 'id': 2954, 'known_for_department': 'Acting', 'name': 'Jeffrey Wright', 'original_name': 'Jeffrey Wright', 'popularity': 15.408, 'profile_path': '/yGcuHGW4glqRpOPxgiCvjcren7F.jpg', 'cast_id': 4, 'character': 'Self', 'credit_id': '63f0644515376c0095b110c0', 'order': 3}, {'adult': False, 'gender': 2, 'id': 1333, 'known_for_department': 'Acting', 'name': 'Andy Serkis', 'original_name': 'Andy Serkis', 'popularity': 22.039, 'profile_path': '/eNGqhebQ4cDssjVeNFrKtUvweV5.jpg', 'cast_id': 5, 'character': 'Self', 'credit_id': '63f06457caaca200b9f54bb7', 'order': 4}, {'adult': False, 'gender': 2, 'id': 32278, 'known_for_department': 'Directing', 'name': 'Matt Reeves', 'original_name': 'Matt Reeves', 'popularity': 7.944, 'profile_path': '/5rA459xpMt6IeJG7ZqvhLbSozEH.jpg', 'cast_id': 6, 'character': 'Self', 'credit_id': '63f06473524978009e774c40', 'order': 5}, {'adult': False, 'gender': 2, 'id': 1241, 'known_for_department': 'Acting', 'name': 'John Turturro', 'original_name': 'John Turturro', 'popularity': 39.06, 'profile_path': '/63zA58rSyJxBMLBdgeMjjETmpDQ.jpg', 'cast_id': 7, 'character': 'Self', 'credit_id': '63f06484524978009641b3ad', 'order': 6}, {'adult': False, 'gender': 2, 'id': 72466, 'known_for_department': 'Acting', 'name': 'Colin Farrell', 'original_name': 'Colin Farrell', 'popularity': 40.045, 'profile_path': '/vVqrAhZpojAtp874wBaaFt5T4dN.jpg', 'cast_id': 8, 'character': 'Self', 'credit_id': '63f06495a6725400d7c7debd', 'order': 7}, {'adult': False, 'gender': 2, 'id': 133, 'known_for_department': 'Acting', 'name': 'Peter Sarsgaard', 'original_name': 'Peter Sarsgaard', 'popularity': 20.608, 'profile_path': '/jOc4VjxPaOkWOqnLCxd8BJy9g5i.jpg', 'cast_id': 9, 'character': 'Self', 'credit_id': '63f064cda6725400d7c7dedb', 'order': 8}, {'adult': False, 'gender': 1, 'id': 2455272, 'known_for_department': 'Acting', 'name': 'Jayme Lawson', 'original_name': 'Jayme Lawson', 'popularity': 4.72, 'profile_path': '/rT6ZNBhYZaRMQ6dxCTillClDO4J.jpg', 'cast_id': 10, 'character': 'Self', 'credit_id': '63f064e915376c008bbfa964', 'order': 9}]",[]
16,1087423,False,0,"[{'id': 10402, 'name': 'Music'}, {'id': 18, 'name': 'Drama'}]",de,Leos Janácek - Kát'a Kabanová,0.6,"[{'id': 487, 'logo_path': '/x3BUIowxU2skXOpnOeOkl7kIYDo.png', 'name': 'Česká televize', 'origin_country': 'CZ'}]","[{'iso_3166_1': 'AT', 'name': 'Austria'}]",2022-01-01,0,0,"[{'english_name': 'German', 'iso_639_1': 'de', 'name': 'Deutsch'}]",Released,,0.0,0,False,Leos Janácek - Kát'a Kabanová,,,,,,"[{'adult': False, 'gender': 2, 'id': 592629, 'known_for_department': 'Writing', 'name': 'Aleksandr Ostrovsky', 'original_name': 'Aleksandr Ostrovsky', 'popularity': 0.764, 'profile_path': '/pTvPXXZwlP3czDNl067g8tShYnu.jpg', 'credit_id': '63ee11e6f92532008534a588', 'department': 'Writing', 'job': 'Writer'}, {'adult': False, 'gender': 2, 'id': 933781, 'known_for_department': 'Sound', 'name': 'Leoš Janáček', 'original_name': 'Leoš Janáček', 'popularity': 0.6, 'profile_path': '/mEwBgc6J7hncEsIiwKP2OpH45yK.jpg', 'credit_id': '63ee11f71b729400e6f1d706', 'department': 'Sound', 'job': 'Original Music Composer'}, {'adult': False, 'gender': 2, 'id': 933781, 'known_for_department': 'Sound', 'name': 'Leoš Janáček', 'original_name': 'Leoš Janáček', 'popularity': 0.6, 'profile_path': '/mEwBgc6J7hncEsIiwKP2OpH45yK.jpg', 'credit_id': '63ee11d81f3e6000c033810c', 'department': 'Writing', 'job': 'Theatre Play'}, {'adult': False, 'gender': 2, 'id': 1116773, 'known_for_department': 'Directing', 'name': 'Felix Breisach', 'original_name': 'Felix Breisach', 'popularity': 0.828, 'profile_path': '/cg2Htu3AOmFp61XSKBOcycoXgIr.jpg', 'credit_id': '63ee11c11b7294007c4abf46', 'department': 'Directing', 'job': 'Director'}, {'adult': False, 'gender': 2, 'id': 1682904, 'known_for_department': 'Directing', 'name': 'Barrie Kosky', 'original_name': 'Barrie Kosky', 'popularity': 0.6, 'profile_path': None, 'credit_id': '63ee11b6699fb7007c5fb682', 'department': 'Directing', 'job': 'Director'}, {'adult': False, 'gender': 0, 'id': 3923011, 'known_for_department': 'Crew', 'name': 'Ivan Ruml', 'original_name': 'Ivan Ruml', 'popularity': 0.6, 'profile_path': None, 'credit_id': '63ee1233f925320079ca2320', 'department': 'Crew', 'job': 'Dramaturgy'}, {'adult': False, 'gender': 0, 'id': 3923012, 'known_for_department': 'Crew', 'name': 'Marcela Blažková', 'original_name': 'Marcela Blažková', 'popularity': 0.6, 'profile_path': None, 'credit_id': '63ee1242813cb60084b39f03', 'department': 'Crew', 'job': 'Dramaturgy'}]","[{'adult': False, 'gender': 2, 'id': 2070492, 'known_for_department': 'Sound', 'name': 'Jakub Hrůša', 'original_name': 'Jakub Hrůša', 'popularity': 0.6, 'profile_path': None, 'cast_id': 6, 'character': '', 'credit_id': '63ee12041b729400e6f1d710', 'order': 0}, {'adult': False, 'gender': 0, 'id': 3808939, 'known_for_department': 'Acting', 'name': 'Teresa Vogl', 'original_name': 'Teresa Vogl', 'popularity': 0.6, 'profile_path': None, 'cast_id': 7, 'character': 'moderator', 'credit_id': '63ee1211f92532009d93b327', 'order': 1}]","[{'id': 2199, 'name': 'opera'}, {'id': 5783, 'name': 'classical music'}, {'id': 6029, 'name': 'concert'}]"
17,1085972,False,0,"[{'id': 99, 'name': 'Documentary'}]",en,You Have No Idea,0.6,[],"[{'iso_3166_1': 'US', 'name': 'United States of America'}]",2022-01-01,0,86,"[{'english_name': 'English', 'iso_639_1': 'en', 'name': 'English'}]",Released,,0.0,0,False,You Have No Idea,,One family's journey with autism through the lens of community in a small town in southern Arkansas.,,tt23039854,/WtatMcdDSWkO2DsDJtifm3WT8w.jpg,"[{'adult': False, 'gender': 0, 'id': 1979309, 'known_for_department': 'Production', 'name': 'Paul Peterson', 'original_name': 'Paul Peterson', 'popularity': 0.6, 'profile_path': None, 'credit_id': '63e987bed388ae00d2b32ef4', 'department': 'Production', 'job': 'Producer'}, {'adult': False, 'gender': 0, 'id': 3918367, 'known_for_department': 'Directing', 'name': 'Alexander Jeffrey', 'original_name': 'Alexander Jeffrey', 'popularity': 0.6, 'profile_path': None, 'credit_id': '63e98453d388ae0080625d8c', 'department': 'Directing', 'job': 'Director'}, {'adult': False, 'gender': 0, 'id': 3918367, 'known_for_department': 'Directing', 'name': 'Alexander Jeffrey', 'original_name': 'Alexander Jeffrey', 'popularity': 0.6, 'profile_path': None, 'credit_id': '63e9882da2e60200932a8895', 'department': 'Production', 'job': 'Producer'}]","[{'adult': False, 'gender': 0, 'id': 3918356, 'known_for_department': 'Acting', 'name': 'Beth James Burns', 'original_name': 'Beth James Burns', 'popularity': 0.6, 'profile_path': None, 'cast_id': 1, 'character': '', 'credit_id': '63e982dcd388ae00869906fc', 'order': 0}, {'adult': False, 'gender': 0, 'id': 3918358, 'known_for_department': 'Acting', 'name': 'Kenny Burns', 'original_name': 'Kenny Burns', 'popularity': 0.6, 'profile_path': None, 'cast_id': 2, 'character': '', 'credit_id': '63e982f7d388ae0094c4fd97', 'order': 1}, {'adult': False, 'gender': 0, 'id': 3918360, 'known_for_department': 'Acting', 'name': 'Paul Burns', 'original_name': 'Paul Burns', 'popularity': 0.6, 'profile_path': None, 'cast_id': 3, 'character': '', 'credit_id': '63e9832512777847de81df91', 'order': 2}, {'adult': False, 'gender': 0, 'id': 3918361, 'known_for_department': 'Acting', 'name': 'Evan James', 'original_name': 'Evan James', 'popularity': 0.6, 'profile_path': None, 'cast_id': 4, 'character': '', 'credit_id': '63e9835212777800895ff0c9', 'order': 3}]",[]
18,1085504,False,0,"[{'id': 99, 'name': 'Documentary'}]",fr,"Johnny, passion d'un enfant gâté",0.6,"[{'id': 138896, 'logo_path': None, 'name': 'Mediawan', 'origin_country': 'FR'}]","[{'iso_3166_1': 'FR', 'name': 'France'}]",2022-01-01,0,0,"[{'english_name': 'French', 'iso_639_1': 'fr', 'name': 'Français'}]",Released,,0.0,0,False,"Johnny, passion d'un enfant gâté",,,,,/9ZGwBYabgtKMqoq3mv5KGyNWD2a.jpg,"[{'adult': False, 'gender': 0, 'id': 3916742, 'known_for_department': 'Directing', 'name': 'Christian Lamet', 'original_name': 'Christian Lamet', 'popularity': 0.6, 'profile_path': None, 'credit_id': '63e84cc412777800ab94b18b', 'department': 'Directing', 'job': 'Director'}]","[{'adult': False, 'gender': 2, 'id': 35084, 'known_for_department': 'Acting', 'name': 'Johnny Hallyday', 'original_name': 'Johnny Hallyday', 'popularity': 3.299, 'profile_path': '/rgpaPugET3cVaIJiEj6KcqVm4Cg.jpg', 'cast_id': 2, 'character': 'Archives', 'credit_id': '63e84d8a6c849200851ad45e', 'order': 0}]",[]
19,1085298,False,0,"[{'id': 35, 'name': 'Comedy'}]",fr,D'autres chats à fouetter,0.6,"[{'id': 15261, 'logo_path': '/wgKSrQW5yw07bT1TR0iTRO6FD2d.png', 'name': 'Capricci Films', 'origin_country': 'FR'}, {'id': 149476, 'logo_path': None, 'name': 'Les Quatre Cents Films', 'origin_country': ''}]","[{'iso_3166_1': 'FR', 'name': 'France'}]",2022-01-01,0,0,[],Released,,0.0,0,False,D'autres chats à fouetter,,,,,,"[{'adult': False, 'gender': 0, 'id': 1004940, 'known_for_department': 'Directing', 'name': 'Thierry Lounas', 'original_name': 'Thierry Lounas', 'popularity': 1.068, 'profile_path': None, 'credit_id': '63e7d43012777800895f123a', 'department': 'Production', 'job': 'Producer'}, {'adult': False, 'gender': 0, 'id': 2174247, 'known_for_department': 'Sound', 'name': 'Nicolas Cadiou', 'original_name': 'Nicolas Cadiou', 'popularity': 0.6, 'profile_path': None, 'credit_id': '63e7d454a2e602009329af04', 'department': 'Sound', 'job': 'Sound Editor'}, {'adult': False, 'gender': 0, 'id': 2351149, 'known_for_department': 'Production', 'name': 'Hannah Taïeb', 'original_name': 'Hannah Taïeb', 'popularity': 0.6, 'profile_path': None, 'credit_id': '63e7d42463aad200a14c1742', 'department': 'Production', 'job': 'Producer'}, {'adult': False, 'gender': 0, 'id': 2709263, 'known_for_department': 'Camera', 'name': 'Lionel Jan Kerguistel', 'original_name': 'Lionel Jan Kerguistel', 'popularity': 0.98, 'profile_path': None, 'credit_id': '63e7d390d388ae007d2931e5', 'department': 'Camera', 'job': 'Director of Photography'}, {'adult': False, 'gender': 0, 'id': 3128808, 'known_for_department': 'Sound', 'name': 'Claire Ladenburger', 'original_name': 'Claire Ladenburger', 'popularity': 0.6, 'profile_path': None, 'credit_id': '63e7d448d388ae0086983065', 'department': 'Sound', 'job': 'Sound Assistant'}, {'adult': False, 'gender': 0, 'id': 3383025, 'known_for_department': 'Production', 'name': 'Lucy-Blue Ferry', 'original_name': 'Lucy-Blue Ferry', 'popularity': 0.6, 'profile_path': None, 'credit_id': '63e7d4171277780079f1c6a3', 'department': 'Production', 'job': 'Production Director'}, {'adult': False, 'gender': 0, 'id': 3460554, 'known_for_department': 'Directing', 'name': 'Ovidie', 'original_name': 'Ovidie', 'popularity': 0.6, 'profile_path': None, 'credit_id': '63e7d3cc9512e100a97d3352', 'department': 'Directing', 'job': 'Director'}, {'adult': False, 'gender': 0, 'id': 3744820, 'known_for_department': 'Production', 'name': 'Onwen Alexandre', 'original_name': 'Onwen Alexandre', 'popularity': 0.6, 'profile_path': None, 'credit_id': '63e7d35a6c84920097fef57d', 'department': 'Production', 'job': 'Casting Director'}, {'adult': False, 'gender': 0, 'id': 3744830, 'known_for_department': 'Art', 'name': 'Inès Pons-Mora', 'original_name': 'Inès Pons-Mora', 'popularity': 0.6, 'profile_path': None, 'credit_id': '63e7d33f9512e100cd71a2fa', 'department': 'Art', 'job': 'Decorator'}, {'adult': False, 'gender': 0, 'id': 3785956, 'known_for_department': 'Sound', 'name': 'Nicolas Cadiou', 'original_name': 'Nicolas Cadiou', 'popularity': 0.6, 'profile_path': None, 'credit_id': '63e7d43d6c849200851a82d1', 'department': 'Sound', 'job': 'Sound'}, {'adult': False, 'gender': 0, 'id': 3916062, 'known_for_department': 'Art', 'name': 'Emilie Roumegous', 'original_name': 'Emilie Roumegous', 'popularity': 0.6, 'profile_path': None, 'credit_id': '63e7d34e12777800895f11a3', 'department': 'Art', 'job': 'Assistant Decorator'}, {'adult': False, 'gender': 0, 'id': 3916064, 'known_for_department': 'Production', 'name': 'Geraldine Delay', 'original_name': 'Geraldine Delay', 'popularity': 0.6, 'profile_path': None, 'credit_id': '63e7d374a2e602007bb71726', 'department': 'Production', 'job': 'Casting Researcher'}, {'adult': False, 'gender': 0, 'id': 3916065, 'known_for_department': 'Lighting', 'name': 'Zoé Rodriguez-Twardowski', 'original_name': 'Zoé Rodriguez-Twardowski', 'popularity': 0.6, 'profile_path': None, 'credit_id': '63e7d381d388ae007d2931db', 'department': 'Lighting', 'job': 'Lighting Artist'}, {'adult': False, 'gender': 0, 'id': 3916066, 'known_for_department': 'Camera', 'name': 'Anthony Poulain', 'original_name': 'Anthony Poulain', 'popularity': 0.6, 'profile_path': None, 'credit_id': '63e7d3a69512e100e3d07c22', 'department': 'Camera', 'job': 'Camera Operator'}, {'adult': False, 'gender': 0, 'id': 3916067, 'known_for_department': 'Costume & Make-Up', 'name': 'Marie Jardiné', 'original_name': 'Marie Jardiné', 'popularity': 0.6, 'profile_path': None, 'credit_id': '63e7d3ba12777800ab9465a0', 'department': 'Costume & Make-Up', 'job': 'Makeup & Hair'}]","[{'adult': False, 'gender': 0, 'id': 3504351, 'known_for_department': 'Acting', 'name': 'Maeva Heitz', 'original_name': 'Maeva Heitz', 'popularity': 0.6, 'profile_path': None, 'cast_id': 1, 'character': 'Sylvie', 'credit_id': '63e7d2701277780081a365b3', 'order': 0}, {'adult': False, 'gender': 1, 'id': 1386244, 'known_for_department': 'Acting', 'name': 'Sophie-Marie Larrouy', 'original_name': 'Sophie-Marie Larrouy', 'popularity': 2.68, 'profile_path': '/lJBP6T5w0J1pZA0e81bZ8gpX3Un.jpg', 'cast_id': 2, 'character': 'Paula', 'credit_id': '63e7d300a2e60200d4ae8cbb', 'order': 1}]",[]
20,1085162,False,0,"[{'id': 99, 'name': 'Documentary'}, {'id': 36, 'name': 'History'}]",sk,GERUCA,0.6,"[{'id': 24023, 'logo_path': '/yz6m1ty4qGvlkfReuqPZxdmD8V2.png', 'name': 'RTVS', 'origin_country': 'SK'}]","[{'iso_3166_1': 'SK', 'name': 'Slovakia'}]",2022-01-01,0,0,"[{'english_name': 'German', 'iso_639_1': 'de', 'name': 'Deutsch'}, {'english_name': 'Slovak', 'iso_639_1': 'sk', 'name': 'Slovenčina'}]",Released,,0.0,0,False,GERUCA,,,,tt25367170,/cJd9wsJj27pFylWUGxNXBAoPrG7.jpg,"[{'adult': False, 'gender': 0, 'id': 1840915, 'known_for_department': 'Costume & Make-Up', 'name': 'Martina Čerňáková', 'original_name': 'Martina Čerňáková', 'popularity': 0.6, 'profile_path': None, 'credit_id': '63e7416963aad2008f851251', 'department': 'Costume & Make-Up', 'job': 'Costume Design'}, {'adult': False, 'gender': 1, 'id': 2135522, 'known_for_department': 'Sound', 'name': 'Viera Marinová', 'original_name': 'Viera Marinová', 'popularity': 0.6, 'profile_path': None, 'credit_id': '63e741379512e1008cb6cb13', 'department': 'Sound', 'job': 'Sound'}, {'adult': False, 'gender': 2, 'id': 2139878, 'known_for_department': 'Sound', 'name': 'Lukáš Kasprzyk', 'original_name': 'Lukáš Kasprzyk', 'popularity': 0.6, 'profile_path': None, 'credit_id': '63e741239512e100e3d04252', 'department': 'Sound', 'job': 'Sound'}, {'adult': False, 'gender': 0, 'id': 2465113, 'known_for_department': 'Sound', 'name': 'Adam Matej', 'original_name': 'Adam Matej', 'popularity': 0.6, 'profile_path': None, 'credit_id': '63e74142d388ae008697f1fb', 'department': 'Sound', 'job': 'Sound'}, {'adult': False, 'gender': 0, 'id': 3915401, 'known_for_department': 'Directing', 'name': 'Michal Stasak', 'original_name': 'Michal Stasak', 'popularity': 0.6, 'profile_path': None, 'credit_id': '63e740c59512e100793fbc69', 'department': 'Directing', 'job': 'Director'}, {'adult': False, 'gender': 0, 'id': 3915401, 'known_for_department': 'Directing', 'name': 'Michal Stasak', 'original_name': 'Michal Stasak', 'popularity': 0.6, 'profile_path': None, 'credit_id': '63e741141277780079f186e7', 'department': 'Editing', 'job': 'Editor'}, {'adult': False, 'gender': 0, 'id': 3915401, 'known_for_department': 'Directing', 'name': 'Michal Stasak', 'original_name': 'Michal Stasak', 'popularity': 0.6, 'profile_path': None, 'credit_id': '63e741076c849200851a3d7d', 'department': 'Production', 'job': 'Producer'}, {'adult': False, 'gender': 0, 'id': 3915402, 'known_for_department': 'Editing', 'name': 'Paulína Vítková', 'original_name': 'Paulína Vítková', 'popularity': 0.6, 'profile_path': None, 'credit_id': '63e7427212777800dc826a03', 'department': 'Writing', 'job': 'Writer'}, {'adult': False, 'gender': 0, 'id': 3915403, 'known_for_department': 'Camera', 'name': 'Viktor Kamenický', 'original_name': 'Viktor Kamenický', 'popularity': 0.6, 'profile_path': None, 'credit_id': '63e740e29512e100793fbc85', 'department': 'Camera', 'job': 'Director of Photography'}, {'adult': False, 'gender': 0, 'id': 3915403, 'known_for_department': 'Camera', 'name': 'Viktor Kamenický', 'original_name': 'Viktor Kamenický', 'popularity': 0.6, 'profile_path': None, 'credit_id': '63e740f912777800931d098f', 'department': 'Production', 'job': 'Producer'}, {'adult': False, 'gender': 0, 'id': 3915405, 'known_for_department': 'Art', 'name': 'Karina Sporinová', 'original_name': 'Karina Sporinová', 'popularity': 0.6, 'profile_path': None, 'credit_id': '63e7415063aad200858700f8', 'department': 'Art', 'job': 'Production Design'}, {'adult': False, 'gender': 0, 'id': 3915406, 'known_for_department': 'Costume & Make-Up', 'name': 'Ria Pontikis', 'original_name': 'Ria Pontikis', 'popularity': 0.6, 'profile_path': None, 'credit_id': '63e7415c9512e100793fbcc7', 'department': 'Costume & Make-Up', 'job': 'Costume Design'}]","[{'adult': False, 'gender': 2, 'id': 1774972, 'known_for_department': 'Acting', 'name': 'Branislav Deák', 'original_name': 'Branislav Deák', 'popularity': 1.099, 'profile_path': '/aYkC1s9pHYgkIyu3rAv9mZbayDt.jpg', 'cast_id': 13, 'character': '', 'credit_id': '63e7417b63aad2008587010b', 'order': 0}, {'adult': False, 'gender': 0, 'id': 3915407, 'known_for_department': 'Acting', 'name': 'Sandra Sviteková', 'original_name': 'Sandra Sviteková', 'popularity': 0.6, 'profile_path': None, 'cast_id': 14, 'character': '', 'credit_id': '63e741859512e100793fbce0', 'order': 1}, {'adult': False, 'gender': 2, 'id': 1752407, 'known_for_department': 'Acting', 'name': 'Miloslav Kráľ', 'original_name': 'Miloslav Kráľ', 'popularity': 1.094, 'profile_path': '/9hVpjXc8jJN5g9ZwdYyRHGm9wr8.jpg', 'cast_id': 15, 'character': 'narrator', 'credit_id': '63e741969512e10084616803', 'order': 2}, {'adult': False, 'gender': 0, 'id': 3915408, 'known_for_department': 'Acting', 'name': 'Michal Mrázek', 'original_name': 'Michal Mrázek', 'popularity': 0.6, 'profile_path': None, 'cast_id': 16, 'character': '', 'credit_id': '63e741a06c849200cfb1a6e5', 'order': 3}, {'adult': False, 'gender': 0, 'id': 3915409, 'known_for_department': 'Acting', 'name': 'Štefan Klimko', 'original_name': 'Štefan Klimko', 'popularity': 0.6, 'profile_path': None, 'cast_id': 17, 'character': '', 'credit_id': '63e741aa6c8492008dc33684', 'order': 4}, {'adult': False, 'gender': 0, 'id': 3915411, 'known_for_department': 'Acting', 'name': 'Vladimír Barus', 'original_name': 'Vladimír Barus', 'popularity': 0.6, 'profile_path': None, 'cast_id': 18, 'character': '', 'credit_id': '63e741b463aad2008f85127c', 'order': 5}, {'adult': False, 'gender': 0, 'id': 3915412, 'known_for_department': 'Acting', 'name': 'Igor Homola', 'original_name': 'Igor Homola', 'popularity': 0.6, 'profile_path': None, 'cast_id': 19, 'character': '', 'credit_id': '63e741bcd388ae0080614762', 'order': 6}]",[]
21,1084951,False,0,[],da,Opera night,0.6,[],[],2022-01-01,0,15,"[{'english_name': 'Danish', 'iso_639_1': 'da', 'name': 'Dansk'}]",Released,,0.0,0,False,Opera night,,"When she discovers a mysterious crack in the foundation of her workplace, the Copenhagen Opera, cleaner Angeli raises the alarm. She tries to find help, but it turns into a Kafkaesque odyssey: no one at her workplace seems to hear what she has to say, everyone follows the ethos of ""the show must go on"". The water is rising and Angeli has to find a way to make herself heard in this supernatural doomsday musical.",,,,"[{'adult': False, 'gender': 0, 'id': 2771327, 'known_for_department': 'Directing', 'name': 'Hilke Rönnfeldt', 'original_name': 'Hilke Rönnfeldt', 'popularity': 0.6, 'profile_path': None, 'credit_id': '63e6a0012fccee007cfa0941', 'department': 'Directing', 'job': 'Director'}]",[],[]
22,1084948,False,0,[],xx,Long time no techno,0.6,[],[],2022-01-01,0,3,[],Released,,0.0,0,False,Long time no techno,,"The film footage comes from the archive of the Odesa Film Studio. Numerous films were shot here that shaped the childhoods of millions of people. Today, the film studio is threatened with destruction by the Russian army. The appropriation of the film material serves to reclaim the common childhood of the two countries. In an act of collective memory, the video invites the audience to search for their own experiences in these images.",,,/7oth47F8ZshwrdD1PXFUbXdtAh2.jpg,"[{'adult': False, 'gender': 0, 'id': 3914685, 'known_for_department': 'Directing', 'name': 'Eugenia Bakurin', 'original_name': 'Eugenia Bakurin', 'popularity': 0.6, 'profile_path': None, 'credit_id': '63e69e4e2fccee007cfa0892', 'department': 'Directing', 'job': 'Director'}]",[],[]
23,1084940,False,0,[],de,Der Stoff aus dem Legenden sind,1.4,[],[],2022-01-01,0,3,"[{'english_name': 'German', 'iso_639_1': 'de', 'name': 'Deutsch'}]",Released,,0.0,0,False,The stuff legends are made of,,"Rocko Schamoni plays a rock star who has aged in the isolation of his castle, whose everyday life takes place somewhere between daily toast and Ludwig II. Posters and prizes remind us of his greatest, possibly only successes, which he celebrated in the 80s of the last century. Otherwise, there is now emptiness in his house and life.",,,,"[{'adult': False, 'gender': 0, 'id': 3046335, 'known_for_department': 'Directing', 'name': 'Kay Otto', 'original_name': 'Kay Otto', 'popularity': 0.6, 'profile_path': None, 'credit_id': '63e69bf7c2ff3d00aad6b240', 'department': 'Directing', 'job': 'Director'}]","[{'adult': False, 'gender': 0, 'id': 3914676, 'known_for_department': 'Acting', 'name': 'Bobby Fletcher', 'original_name': 'Bobby Fletcher', 'popularity': 0.6, 'profile_path': None, 'cast_id': 2, 'character': 'himself', 'credit_id': '63e69c7dc2ff3d00f3169564', 'order': 0}, {'adult': False, 'gender': 0, 'id': 3914677, 'known_for_department': 'Acting', 'name': 'Koljah', 'original_name': 'Koljah', 'popularity': 0.6, 'profile_path': None, 'cast_id': 3, 'character': 'himself', 'credit_id': '63e69c88f48b34007c3ca969', 'order': 1}]",[]
24,1084933,False,0,[],xx,Black summer,0.6,[],[],2022-01-01,0,11,[],Released,,0.0,0,False,Black summer,,"In the 2019/2020 Black Summer, Australia suffered some of the worst bushfires in its history, observed from afar by the Himawari-8 meteorological satellite.  Terabytes of satellite data were processed into an unprecedented stream of images for this experimental documentary.",,,,"[{'adult': False, 'gender': 0, 'id': 2397610, 'known_for_department': 'Directing', 'name': 'Felix Dierich', 'original_name': 'Felix Dierich', 'popularity': 0.6, 'profile_path': None, 'credit_id': '63e699ead29bdd008c9dc450', 'department': 'Directing', 'job': 'Director'}]",[],[]
25,1084932,False,0,[],de,Beben,0.6,[],[],2022-01-01,0,16,"[{'english_name': 'German', 'iso_639_1': 'de', 'name': 'Deutsch'}]",Released,,0.0,0,False,Quake,,"During water therapy for his chronic cramps, Leon experiences an incident that gradually shakes all areas of his life.",,,,"[{'adult': False, 'gender': 0, 'id': 3042633, 'known_for_department': 'Directing', 'name': 'Rudolf Fitzgerald-Leonard', 'original_name': 'Rudolf Fitzgerald-Leonard', 'popularity': 0.6, 'profile_path': None, 'credit_id': '63e6994df48b340084291aa9', 'department': 'Directing', 'job': 'Director'}]",[],[]
26,1084929,False,0,[],en,Do you speak of the same nights?,0.6,[],[],2022-01-01,0,4,[],Released,,0.0,0,False,Do you speak of the same nights?,,"In this music video short a couple of teenagers take their e-scooters to a lake in order to party, wreak havoc and discover their feelings.",,,,"[{'adult': False, 'gender': 2, 'id': 2002312, 'known_for_department': 'Writing', 'name': 'Peter Ahlers', 'original_name': 'Peter Ahlers', 'popularity': 0.728, 'profile_path': '/cr7BjSTBRKnhwTHyp5hXOztqWjI.jpg', 'credit_id': '63e697e4f48b3400bc97f923', 'department': 'Directing', 'job': 'Director'}, {'adult': False, 'gender': 0, 'id': 2479389, 'known_for_department': 'Costume & Make-Up', 'name': 'Line Sluyter-Gäthje', 'original_name': 'Line Sluyter-Gäthje', 'popularity': 0.6, 'profile_path': None, 'credit_id': '63e697eda3d027008383d52e', 'department': 'Directing', 'job': 'Director'}]","[{'adult': False, 'gender': 0, 'id': 3914634, 'known_for_department': 'Acting', 'name': 'Alpaca Redemtion', 'original_name': 'Alpaca Redemtion', 'popularity': 0.6, 'profile_path': None, 'cast_id': 3, 'character': 'themself', 'credit_id': '63e6982af48b340084291a59', 'order': 0}]",[]
27,1084925,False,0,[],xx,Abditory,0.6,[],[],2022-01-01,0,6,[],Released,,0.0,0,False,Abditory,,"A young woman who comes from a drug-addicted household finds herself in an abusive relationship. As time goes by, more and more memories intrude on her, reminding her of her past and bringing to light the effects her current life partner has on her.",,,,"[{'adult': False, 'gender': 0, 'id': 3914622, 'known_for_department': 'Directing', 'name': 'Daniel Alexander Bethke', 'original_name': 'Daniel Alexander Bethke', 'popularity': 0.6, 'profile_path': None, 'credit_id': '63e6962cf48b340084291969', 'department': 'Directing', 'job': 'Director'}, {'adult': False, 'gender': 0, 'id': 3914623, 'known_for_department': 'Directing', 'name': 'Madita Rosaline Strunk', 'original_name': 'Madita Rosaline Strunk', 'popularity': 0.6, 'profile_path': None, 'credit_id': '63e69634f48b34007c3ca752', 'department': 'Directing', 'job': 'Director'}]",[],[]
28,1084922,False,0,[],en,Phantomflug,0.6,[],[],2022-01-01,0,17,"[{'english_name': 'German', 'iso_639_1': 'de', 'name': 'Deutsch'}]",Released,,0.0,0,False,Phantom flight,,"Filmic essay on memories of war and their omnipresence, which never seems to abate. Based on personal and autobiographical reflections, the film traces the traces that war experiences leave behind. Through the presence of ever new violent conflicts, they have a permanent effect on one's own emotional world and family relationships.",,,,"[{'adult': False, 'gender': 0, 'id': 3914617, 'known_for_department': 'Directing', 'name': 'Gor Margaryan', 'original_name': 'Gor Margaryan', 'popularity': 0.6, 'profile_path': None, 'credit_id': '63e6956ea3d027007e738a46', 'department': 'Directing', 'job': 'Director'}]",[],[]
29,1084921,False,0,[],de,Oschtsee,0.6,[],[],2022-01-01,0,5,"[{'english_name': 'German', 'iso_639_1': 'de', 'name': 'Deutsch'}]",Released,,0.0,0,False,Oschtsee,,"Now there is an end to the tootling with the poodle. And no more wiggling the dachshund. Bonnie & Clyde have had enough of the farm - they flee from there, dream of a juicy fish sandwich and race in a cardboard box to the Baltic Sea. There is black rain and it is overcrowded.",,,,"[{'adult': False, 'gender': 0, 'id': 3914616, 'known_for_department': 'Directing', 'name': 'Klaus Höfs', 'original_name': 'Klaus Höfs', 'popularity': 0.6, 'profile_path': None, 'credit_id': '63e694bda3d02700c82c33c5', 'department': 'Directing', 'job': 'Director'}]",[],[]
30,1084917,False,0,[],xx,Mit Flöte die Treppe herabsteigend,0.6,[],[],2022-01-01,0,7,[],Released,,0.0,0,False,Descending the stairs with a flute,,"In the audiovisual composition, not only do the sounds of the solo flute overlap and unite with those of the wooden stairs and floors of the Habichtshorst Old Forester's Lodge, but also the visual impressions of the video images with the acoustic ones.",,,,"[{'adult': False, 'gender': 0, 'id': 3914601, 'known_for_department': 'Directing', 'name': 'Karsten Wiesel', 'original_name': 'Karsten Wiesel', 'popularity': 0.6, 'profile_path': None, 'credit_id': '63e69367f48b34007c3ca625', 'department': 'Directing', 'job': 'Director'}, {'adult': False, 'gender': 0, 'id': 3914602, 'known_for_department': 'Directing', 'name': 'Neo Hülcker', 'original_name': 'Neo Hülcker', 'popularity': 0.6, 'profile_path': None, 'credit_id': '63e69371f48b3400bc97f7b5', 'department': 'Directing', 'job': 'Director'}, {'adult': False, 'gender': 0, 'id': 3914604, 'known_for_department': 'Directing', 'name': 'Kilian Schwoon', 'original_name': 'Kilian Schwoon', 'popularity': 0.6, 'profile_path': None, 'credit_id': '63e6937a2fccee00bc2766f3', 'department': 'Directing', 'job': 'Director'}, {'adult': False, 'gender': 0, 'id': 3914605, 'known_for_department': 'Directing', 'name': 'Robin Hoffmann', 'original_name': 'Robin Hoffmann', 'popularity': 0.6, 'profile_path': None, 'credit_id': '63e69387d29bdd00b2f995e2', 'department': 'Directing', 'job': 'Director'}]",[],[]
31,1084914,False,0,[],xx,Horaizon,0.6,[],[],2022-01-01,0,11,[],Released,,0.0,0,False,Horaizon,,"HORAIZON is an experimental film that oscillates between photography, moving image and sound. The title refers to the English phonetic pronunciation of the word ""horizon"". The film was shot in various locations around the world (Iceland, USA, Japan, Turkey, Belgium).",,,,"[{'adult': False, 'gender': 0, 'id': 1629136, 'known_for_department': 'Directing', 'name': 'Meggy Rustamova', 'original_name': 'Meggy Rustamova', 'popularity': 0.6, 'profile_path': None, 'credit_id': '63e69237c2ff3d00c3db94e2', 'department': 'Directing', 'job': 'Director'}]",[],[]
32,1084615,False,0,"[{'id': 878, 'name': 'Science Fiction'}, {'id': 18, 'name': 'Drama'}]",de,Evolutio,0.6,"[{'id': 21698, 'logo_path': None, 'name': 'Brandl Pictures', 'origin_country': 'DE'}]","[{'iso_3166_1': 'DE', 'name': 'Germany'}]",2022-01-01,0,79,"[{'english_name': 'German', 'iso_639_1': 'de', 'name': 'Deutsch'}]",Released,,0.0,0,False,Evolutio,,"Kira leads a happy life, but she is not free. She lives in a world where humans have been overtaken by machines in evolution. Now they are kept as ""pets"" by the robots. Kira is also the property of Antonett and Esben. She knows no other life - until her owners acquire a second human. Leo is different. He knows the past, he knows evolution and he knows that there are still humans in freedom. Soon he is able to convince Kira that her life is not the only true one. But does she want to give it up? Does she want to go against natural evolution?",,,/lzK4xVcUwpRiTAC2Tv3rpR4eL5a.jpg,"[{'adult': False, 'gender': 2, 'id': 130006, 'known_for_department': 'Sound', 'name': 'Kevin MacLeod', 'original_name': 'Kevin MacLeod', 'popularity': 2.174, 'profile_path': '/wAv2ItoIEYF16SP5LXowoEoNsS6.jpg', 'credit_id': '63e577f6c2ff3d008e586eee', 'department': 'Sound', 'job': 'Music'}, {'adult': False, 'gender': 2, 'id': 1308984, 'known_for_department': 'Directing', 'name': 'Helmut Brandl', 'original_name': 'Helmut Brandl', 'popularity': 1.62, 'profile_path': None, 'credit_id': '63e578082fccee008fcf986c', 'department': 'Directing', 'job': 'Director'}, {'adult': False, 'gender': 2, 'id': 1308984, 'known_for_department': 'Directing', 'name': 'Helmut Brandl', 'original_name': 'Helmut Brandl', 'popularity': 1.62, 'profile_path': None, 'credit_id': '63e5781c9512e1007965bbfa', 'department': 'Camera', 'job': 'Director of Photography'}, {'adult': False, 'gender': 2, 'id': 1308984, 'known_for_department': 'Directing', 'name': 'Helmut Brandl', 'original_name': 'Helmut Brandl', 'popularity': 1.62, 'profile_path': None, 'credit_id': '63e5780f2fccee00a77ba10e', 'department': 'Writing', 'job': 'Writer'}]","[{'adult': False, 'gender': 1, 'id': 1543714, 'known_for_department': 'Acting', 'name': 'Romy Glasel', 'original_name': 'Romy Glasel', 'popularity': 0.98, 'profile_path': None, 'cast_id': 2, 'character': 'Kira', 'credit_id': '63e5774b9512e10093099044', 'order': 0}, {'adult': False, 'gender': 0, 'id': 3913549, 'known_for_department': 'Acting', 'name': 'Peter Ehrerer', 'original_name': 'Peter Ehrerer', 'popularity': 0.6, 'profile_path': None, 'cast_id': 3, 'character': '', 'credit_id': '63e577a8c2ff3d00c3db0737', 'order': 1}, {'adult': False, 'gender': 2, 'id': 1273328, 'known_for_department': 'Acting', 'name': 'Günther Brandl', 'original_name': 'Günther Brandl', 'popularity': 1.459, 'profile_path': None, 'cast_id': 4, 'character': '', 'credit_id': '63e577b52fccee007cf98070', 'order': 2}, {'adult': False, 'gender': 1, 'id': 1308986, 'known_for_department': 'Acting', 'name': 'Monika Brandl', 'original_name': 'Monika Brandl', 'popularity': 1.712, 'profile_path': None, 'cast_id': 5, 'character': '', 'credit_id': '63e577c89512e100b2b14351', 'order': 3}, {'adult': False, 'gender': 0, 'id': 3149127, 'known_for_department': 'Acting', 'name': 'Florian Parzer', 'original_name': 'Florian Parzer', 'popularity': 0.6, 'profile_path': None, 'cast_id': 6, 'character': '', 'credit_id': '63e577d2c2ff3d00aad6210b', 'order': 4}]",[]
33,1084287,False,0,"[{'id': 27, 'name': 'Horror'}, {'id': 18, 'name': 'Drama'}]",en,Audition Tape 13,0.6,"[{'id': 109432, 'logo_path': None, 'name': 'Robwil Productions', 'origin_country': ''}]","[{'iso_3166_1': 'AU', 'name': 'Australia'}]",2022-01-01,0,88,"[{'english_name': 'English', 'iso_639_1': 'en', 'name': 'English'}]",Released,Be careful what roles you go for.,0.0,0,False,Audition Tape 13,,An independent film director casting for his new movie encounters a young actress who is prepared to turn the audition back on him.,,tt16288978,,"[{'adult': False, 'gender': 0, 'id': 1530103, 'known_for_department': 'Directing', 'name': 'Mathew J. Wilkinson', 'original_name': 'Mathew J. Wilkinson', 'popularity': 0.6, 'profile_path': None, 'credit_id': '63e43ed7db4ed600bcfc70b2', 'department': 'Directing', 'job': 'Director'}, {'adult': False, 'gender': 0, 'id': 1530103, 'known_for_department': 'Directing', 'name': 'Mathew J. Wilkinson', 'original_name': 'Mathew J. Wilkinson', 'popularity': 0.6, 'profile_path': None, 'credit_id': '63e43efcd036b600abb01ef0', 'department': 'Editing', 'job': 'Editor'}, {'adult': False, 'gender': 0, 'id': 1530103, 'known_for_department': 'Directing', 'name': 'Mathew J. Wilkinson', 'original_name': 'Mathew J. Wilkinson', 'popularity': 0.6, 'profile_path': None, 'credit_id': '63e43eea2e2b2c008cd5114a', 'department': 'Writing', 'job': 'Writer'}, {'adult': False, 'gender': 0, 'id': 3912222, 'known_for_department': 'Production', 'name': 'Jodi Ritchie', 'original_name': 'Jodi Ritchie', 'popularity': 0.6, 'profile_path': None, 'credit_id': '63e43f1c65686e0085a89556', 'department': 'Production', 'job': 'Co-Producer'}]","[{'adult': False, 'gender': 0, 'id': 3912223, 'known_for_department': 'Acting', 'name': 'Ella Morris', 'original_name': 'Ella Morris', 'popularity': 0.6, 'profile_path': None, 'cast_id': 5, 'character': 'Eleven', 'credit_id': '63e43f4adb4ed6008f5fbef5', 'order': 0}, {'adult': False, 'gender': 0, 'id': 3506767, 'known_for_department': 'Acting', 'name': 'Ian Callaghan', 'original_name': 'Ian Callaghan', 'popularity': 0.6, 'profile_path': None, 'cast_id': 6, 'character': 'Michael', 'credit_id': '63e43f8c0e597b008ed4e74b', 'order': 1}, {'adult': False, 'gender': 0, 'id': 3912224, 'known_for_department': 'Acting', 'name': 'Jemmah Rattley', 'original_name': 'Jemmah Rattley', 'popularity': 0.6, 'profile_path': None, 'cast_id': 7, 'character': 'Thirteen', 'credit_id': '63e43fb9d036b6007f4233fb', 'order': 2}, {'adult': False, 'gender': 0, 'id': 3366119, 'known_for_department': 'Acting', 'name': 'Willian Rodrigues', 'original_name': 'Willian Rodrigues', 'popularity': 0.6, 'profile_path': None, 'cast_id': 8, 'character': 'Twelve', 'credit_id': '63e43fe20e597b00a084cc4d', 'order': 3}, {'adult': False, 'gender': 0, 'id': 3912228, 'known_for_department': 'Acting', 'name': 'Laura Harrington', 'original_name': 'Laura Harrington', 'popularity': 0.6, 'profile_path': None, 'cast_id': 9, 'character': 'Tania Creek', 'credit_id': '63e4400365686e009d147d65', 'order': 4}, {'adult': False, 'gender': 0, 'id': 3912229, 'known_for_department': 'Acting', 'name': 'Hailan Yang', 'original_name': 'Hailan Yang', 'popularity': 0.6, 'profile_path': None, 'cast_id': 10, 'character': 'Ten', 'credit_id': '63e4403a2e2b2c00849f92c5', 'order': 5}, {'adult': False, 'gender': 0, 'id': 3350581, 'known_for_department': 'Acting', 'name': 'Kayla Ursini', 'original_name': 'Kayla Ursini', 'popularity': 0.6, 'profile_path': None, 'cast_id': 11, 'character': 'One', 'credit_id': '63e440842e2b2c00a8b94a8d', 'order': 6}, {'adult': False, 'gender': 0, 'id': 3912231, 'known_for_department': 'Acting', 'name': 'Martin Robinson', 'original_name': 'Martin Robinson', 'popularity': 0.6, 'profile_path': None, 'cast_id': 12, 'character': 'Film Producer', 'credit_id': '63e440a8db4ed600db5e1085', 'order': 7}]",[]
34,1084253,False,0,[],en,L'ESCALIER,0.6,[],[],2022-01-01,0,20,[],Released,,0.0,0,False,L'ESCALIER,,A director has been filming his staircase which he has been climbing to the 6th floor for twenty years.,https://christopheloizillon.fr/films/l-escalier?fbclid=IwAR2QF8NXuwfatwdZsFbfkSbxzGDcq3NTMruigxpCTtmVY9Bne1lSO-5IJLw,,/3U0iaNTtK8oUg4Bok5HBMSWIZAW.jpg,"[{'adult': False, 'gender': 0, 'id': 1123356, 'known_for_department': 'Crew', 'name': 'Aurélien Devaux', 'original_name': 'Aurélien Devaux', 'popularity': 0.6, 'profile_path': None, 'credit_id': '63e4228c5ca70400df7463bd', 'department': 'Camera', 'job': 'Director of Photography'}, {'adult': False, 'gender': 0, 'id': 1311708, 'known_for_department': 'Directing', 'name': 'Christophe Loizillon', 'original_name': 'Christophe Loizillon', 'popularity': 1.388, 'profile_path': None, 'credit_id': '63e4225b22e48000c3927411', 'department': 'Directing', 'job': 'Director'}, {'adult': False, 'gender': 2, 'id': 1707168, 'known_for_department': 'Sound', 'name': 'Jean-Marc Schick', 'original_name': 'Jean-Marc Schick', 'popularity': 0.6, 'profile_path': None, 'credit_id': '63e423727304b50092e77b4d', 'department': 'Sound', 'job': 'Sound Designer'}, {'adult': False, 'gender': 2, 'id': 1993105, 'known_for_department': 'Sound', 'name': 'François Waledisch', 'original_name': 'François Waledisch', 'popularity': 1.176, 'profile_path': None, 'credit_id': '63e422ba7304b50078df437d', 'department': 'Sound', 'job': 'Sound'}, {'adult': False, 'gender': 0, 'id': 2079528, 'known_for_department': 'Directing', 'name': 'Christophe Loizillon', 'original_name': 'Christophe Loizillon', 'popularity': 0.6, 'profile_path': None, 'credit_id': '63e42279fac50200986d8027', 'department': 'Writing', 'job': 'Writer'}, {'adult': False, 'gender': 0, 'id': 2348332, 'known_for_department': 'Acting', 'name': 'Simon Grass', 'original_name': 'Simon Grass', 'popularity': 0.6, 'profile_path': None, 'credit_id': '63e422d75ca70400c6e089c1', 'department': 'Directing', 'job': 'Assistant Director'}, {'adult': False, 'gender': 0, 'id': 2461432, 'known_for_department': 'Art', 'name': 'Léa Alric', 'original_name': 'Léa Alric', 'popularity': 0.6, 'profile_path': None, 'credit_id': '63e422ec7304b500b40106fc', 'department': 'Art', 'job': 'Art Direction'}, {'adult': False, 'gender': 0, 'id': 3265973, 'known_for_department': 'Acting', 'name': 'Félix Loizillon', 'original_name': 'Félix Loizillon', 'popularity': 0.6, 'profile_path': None, 'credit_id': '63e42316db154f0093787afb', 'department': 'Sound', 'job': 'Music'}, {'adult': False, 'gender': 0, 'id': 3912129, 'known_for_department': 'Camera', 'name': 'Laurent Ferrari', 'original_name': 'Laurent Ferrari', 'popularity': 0.6, 'profile_path': None, 'credit_id': '63e4229c5ca70400a7d39691', 'department': 'Camera', 'job': 'Director of Photography'}, {'adult': False, 'gender': 0, 'id': 3912130, 'known_for_department': 'Camera', 'name': 'Robin Nicolas', 'original_name': 'Robin Nicolas', 'popularity': 0.6, 'profile_path': None, 'credit_id': '63e422b01283e900c6f054e6', 'department': 'Camera', 'job': 'Director of Photography'}, {'adult': False, 'gender': 0, 'id': 3912133, 'known_for_department': 'Production', 'name': 'Justine Mathieu', 'original_name': 'Justine Mathieu', 'popularity': 0.6, 'profile_path': None, 'credit_id': '63e4232b5ca70400c6e089f2', 'department': 'Production', 'job': 'Production Director'}, {'adult': False, 'gender': 0, 'id': 3912134, 'known_for_department': 'Production', 'name': 'Quentin Auzène', 'original_name': 'Quentin Auzène', 'popularity': 0.6, 'profile_path': None, 'credit_id': '63e4233ffac502007c5a1f09', 'department': 'Production', 'job': 'Production Assistant'}, {'adult': False, 'gender': 0, 'id': 3912135, 'known_for_department': 'Editing', 'name': 'Romain Pierrat', 'original_name': 'Romain Pierrat', 'popularity': 0.6, 'profile_path': None, 'credit_id': '63e4237dfac50200849f4a45', 'department': 'Editing', 'job': 'Colorist'}]",[],[]
35,1084158,False,0,[],fr,Nicole,0.6,[],[],2022-01-01,0,23,"[{'english_name': 'French', 'iso_639_1': 'fr', 'name': 'Français'}]",Released,,0.0,0,False,Nicole,,"In this touching documentary, filmmaker Chadi Bennani accompanies his mother, Dominique, as she sets out to empty Nicole’s apartment, her mother who passed two years prior. Through their discoveries, Dominique and Chadi share their memories of Nicole, as well as their apprehensions of a future without her.",https://f3m.ca/en/film/nicole/,,/hSsFv2hM1afhdKFPeFIwHn4qGhD.jpg,"[{'adult': False, 'gender': 0, 'id': 3065866, 'known_for_department': 'Sound', 'name': 'Jérémie Mazan', 'original_name': 'Jérémie Mazan', 'popularity': 0.6, 'profile_path': None, 'credit_id': '63e3e3df1283e900aa86fdda', 'department': 'Editing', 'job': 'Editor'}, {'adult': False, 'gender': 0, 'id': 3065866, 'known_for_department': 'Sound', 'name': 'Jérémie Mazan', 'original_name': 'Jérémie Mazan', 'popularity': 0.6, 'profile_path': None, 'credit_id': '63e3e3f37304b500c9f60040', 'department': 'Sound', 'job': 'Sound Designer'}, {'adult': False, 'gender': 0, 'id': 3065866, 'known_for_department': 'Sound', 'name': 'Jérémie Mazan', 'original_name': 'Jérémie Mazan', 'popularity': 0.6, 'profile_path': None, 'credit_id': '63e3e400fac50200aa53e73a', 'department': 'Sound', 'job': 'Sound Mixer'}, {'adult': False, 'gender': 0, 'id': 3071491, 'known_for_department': 'Editing', 'name': 'Bastien Blancho', 'original_name': 'Bastien Blancho', 'popularity': 0.6, 'profile_path': None, 'credit_id': '63e3e40cdb154f00ab38a200', 'department': 'Sound', 'job': 'Sound'}, {'adult': False, 'gender': 0, 'id': 3288843, 'known_for_department': 'Camera', 'name': 'Alexis Bouffard-Dumas', 'original_name': 'Alexis Bouffard-Dumas', 'popularity': 0.6, 'profile_path': None, 'credit_id': '63e3e90e5ca70400df74544c', 'department': 'Editing', 'job': 'Colorist'}, {'adult': False, 'gender': 0, 'id': 3634298, 'known_for_department': 'Camera', 'name': 'Alix Desrochers-Dubois', 'original_name': 'Alix Desrochers-Dubois', 'popularity': 0.6, 'profile_path': None, 'credit_id': '63e3e3c45ca704007c2fca26', 'department': 'Camera', 'job': 'Director of Photography'}, {'adult': False, 'gender': 0, 'id': 3637126, 'known_for_department': 'Directing', 'name': 'Alicia Tremblay', 'original_name': 'Alicia Tremblay', 'popularity': 0.6, 'profile_path': None, 'credit_id': '63e3e937fac50200c34a0086', 'department': 'Directing', 'job': 'Assistant Director'}, {'adult': False, 'gender': 0, 'id': 3637129, 'known_for_department': 'Camera', 'name': 'Alexia Toman', 'original_name': 'Alexia Toman', 'popularity': 0.6, 'profile_path': None, 'credit_id': '63e3e9567304b500c9f60181', 'department': 'Camera', 'job': 'Assistant Camera'}, {'adult': False, 'gender': 0, 'id': 3637131, 'known_for_department': 'Production', 'name': 'Romane Gagnon', 'original_name': 'Romane Gagnon', 'popularity': 0.6, 'profile_path': None, 'credit_id': '63e3e7c01283e900843c89cf', 'department': 'Production', 'job': 'Producer'}, {'adult': False, 'gender': 0, 'id': 3911822, 'known_for_department': 'Directing', 'name': 'Chadi Bennani', 'original_name': 'Chadi Bennani', 'popularity': 0.6, 'profile_path': None, 'credit_id': '63e3e3b5fac50200f330db3b', 'department': 'Directing', 'job': 'Director'}, {'adult': False, 'gender': 0, 'id': 3911822, 'known_for_department': 'Directing', 'name': 'Chadi Bennani', 'original_name': 'Chadi Bennani', 'popularity': 0.6, 'profile_path': None, 'credit_id': '63e3e771fac50200f330dc54', 'department': 'Writing', 'job': 'Scenario Writer'}, {'adult': False, 'gender': 0, 'id': 3911828, 'known_for_department': 'Sound', 'name': 'Fabien Leblanc', 'original_name': 'Fabien Leblanc', 'popularity': 0.6, 'profile_path': None, 'credit_id': '63e3e46522e48000d129f035', 'department': 'Sound', 'job': 'Music'}]","[{'adult': False, 'gender': 0, 'id': 3911873, 'known_for_department': 'Acting', 'name': 'Dominique Bennani', 'original_name': 'Dominique Bennani', 'popularity': 0.6, 'profile_path': None, 'cast_id': 13, 'character': '', 'credit_id': '63e3ea13db154f0093786b60', 'order': 0}]",[]
36,1083976,False,0,[],mn,Тал Нутгийн Zombie,0.688,[],"[{'iso_3166_1': 'MN', 'name': 'Mongolia'}]",2022-01-01,0,0,"[{'english_name': 'Mongolian', 'iso_639_1': 'mn', 'name': ''}]",Released,,0.0,0,False,Nomads vs. Zombies,,"Deegii, who wants her father to accompany her to her wedding, will travel from the United States to the countryside of Mongolia. Her friends Naraa and Marlaa hire a travel company to join their friend's trip. But zombies will be scattered where they travel. How will their struggle to survive continue?",,tt8186008,/8ZjyRMKpayAa7lovHsLXcT2FAK8.jpg,"[{'adult': False, 'gender': 0, 'id': 1988869, 'known_for_department': 'Crew', 'name': 'Otgonzorig Batchuluun', 'original_name': 'Otgonzorig Batchuluun', 'popularity': 0.6, 'profile_path': None, 'credit_id': '63e6193ef48b3400bc97c3b4', 'department': 'Directing', 'job': 'Director'}, {'adult': False, 'gender': 0, 'id': 1988869, 'known_for_department': 'Crew', 'name': 'Otgonzorig Batchuluun', 'original_name': 'Otgonzorig Batchuluun', 'popularity': 0.6, 'profile_path': None, 'credit_id': '63e61956a3d0270083839a01', 'department': 'Writing', 'job': 'Writer'}, {'adult': False, 'gender': 0, 'id': 3913998, 'known_for_department': 'Acting', 'name': 'Ider-Od Bat-Erdene', 'original_name': 'Ider-Od Bat-Erdene', 'popularity': 0.6, 'profile_path': '/gOALoglnXhxXcoU3sNBo7YrXiq4.jpg', 'credit_id': '63e61930f48b34007c3c6af7', 'department': 'Writing', 'job': 'Writer'}, {'adult': False, 'gender': 0, 'id': 3913999, 'known_for_department': 'Writing', 'name': 'Battsengel Bavuu', 'original_name': 'Battsengel Bavuu', 'popularity': 0.6, 'profile_path': None, 'credit_id': '63e61981f48b34008428dee9', 'department': 'Writing', 'job': 'Writer'}]","[{'adult': False, 'gender': 0, 'id': 3913998, 'known_for_department': 'Acting', 'name': 'Ider-Od Bat-Erdene', 'original_name': 'Ider-Od Bat-Erdene', 'popularity': 0.6, 'profile_path': '/gOALoglnXhxXcoU3sNBo7YrXiq4.jpg', 'cast_id': 1, 'character': 'Shijree', 'credit_id': '63e618f3f48b3400a08937f3', 'order': 0}, {'adult': False, 'gender': 0, 'id': 3910717, 'known_for_department': 'Acting', 'name': 'Batmaa Bayarsaikhan', 'original_name': 'Batmaa Bayarsaikhan', 'popularity': 0.6, 'profile_path': None, 'cast_id': 6, 'character': 'Narca', 'credit_id': '63e6199ef48b3400bc97c3dc', 'order': 1}, {'adult': False, 'gender': 0, 'id': 3914000, 'known_for_department': 'Acting', 'name': 'Sansarmaa Battur', 'original_name': 'Sansarmaa Battur', 'popularity': 0.6, 'profile_path': None, 'cast_id': 7, 'character': 'Deegii', 'credit_id': '63e619cf2fccee008fcfe68d', 'order': 2}, {'adult': False, 'gender': 0, 'id': 1988898, 'known_for_department': 'Acting', 'name': 'Byambatsogt Dashnyam', 'original_name': 'Byambatsogt Dashnyam', 'popularity': 0.656, 'profile_path': None, 'cast_id': 8, 'character': 'Batnaa', 'credit_id': '63e61a042fccee007cf9ccc8', 'order': 3}]",[]
37,1083891,False,0,"[{'id': 36, 'name': 'History'}]",mn,Сүрэг,0.6,"[{'id': 186689, 'logo_path': None, 'name': 'Black Zebra', 'origin_country': ''}]","[{'iso_3166_1': 'MN', 'name': 'Mongolia'}]",2022-01-01,0,105,"[{'english_name': 'Mongolian', 'iso_639_1': 'mn', 'name': ''}]",Released,The Story You Don't Have To Know,0.0,0,False,Herd,,"The plot of the novel takes place in 1936-1937, and it is the story of a woman named Dulam and her younger brother, a 7-year-old boy named Sambai.",,,/u3IURJ1Wj8GlFJ9rceTDJjRoRH9.jpg,"[{'adult': False, 'gender': 0, 'id': 1988942, 'known_for_department': 'Crew', 'name': 'Bazarragchaa Otgontuul', 'original_name': 'Bazarragchaa Otgontuul', 'popularity': 0.6, 'profile_path': None, 'credit_id': '63e2dc0377e1f600a0c95d6e', 'department': 'Directing', 'job': 'Director'}]","[{'adult': False, 'gender': 0, 'id': 3503154, 'known_for_department': 'Acting', 'name': 'Bold-Erdene Sugar', 'original_name': 'Bold-Erdene Sugar', 'popularity': 0.6, 'profile_path': None, 'cast_id': 2, 'character': '', 'credit_id': '63e2dc9400508a00bc69a639', 'order': 0}, {'adult': False, 'gender': 2, 'id': 3299848, 'known_for_department': 'Acting', 'name': 'Bold Choimbol', 'original_name': 'Bold Choimbol', 'popularity': 0.6, 'profile_path': None, 'cast_id': 3, 'character': '', 'credit_id': '63e2dcd977e1f600840ab4e7', 'order': 1}, {'adult': False, 'gender': 0, 'id': 2282997, 'known_for_department': 'Acting', 'name': 'Enerel Tumen', 'original_name': 'Enerel Tumen', 'popularity': 0.6, 'profile_path': None, 'cast_id': 4, 'character': '', 'credit_id': '63e2dd2477e1f600bc67d5ea', 'order': 2}]",[]
38,1083695,False,0,[],en,Pan Trenér,0.6,"[{'id': 187949, 'logo_path': None, 'name': 'FAMO', 'origin_country': ''}]",[],2022-01-01,0,15,"[{'english_name': 'Czech', 'iso_639_1': 'cs', 'name': 'Český'}]",Released,Soccer corruption,0.0,0,False,Pan Trenér,,Student short about a soccer coach.,,tt25785004,/47ClmXgqqEswRgXmYTKqlg0puJF.jpg,"[{'adult': False, 'gender': 0, 'id': 3909838, 'known_for_department': 'Directing', 'name': 'Radim Grzybek', 'original_name': 'Radim Grzybek', 'popularity': 0.6, 'profile_path': None, 'credit_id': '63e23b6fac8e6b00c3f4c3fc', 'department': 'Directing', 'job': 'Director'}]","[{'adult': False, 'gender': 2, 'id': 222800, 'known_for_department': 'Acting', 'name': 'Jiří Vyorálek', 'original_name': 'Jiří Vyorálek', 'popularity': 0.84, 'profile_path': '/Ialpb2an4yuTC5d8Ix1eeJuZre.jpg', 'cast_id': 1, 'character': '', 'credit_id': '63e23b4d528b2e0085c58b1c', 'order': 0}, {'adult': False, 'gender': 2, 'id': 1528998, 'known_for_department': 'Acting', 'name': 'Michal Isteník', 'original_name': 'Michal Isteník', 'popularity': 1.388, 'profile_path': '/jjDe0LIpwMqAzoh89L2Cfopibil.jpg', 'cast_id': 2, 'character': '', 'credit_id': '63e23b52cb8028007b6c87e6', 'order': 1}]",[]
39,1082952,False,0,[],en,What if?,0.6,[],[],2022-01-01,0,2,[],Released,,0.0,0,False,What if?,,"My need to decide seems trivial. Nevertheless, it exists. But isn't it lost life time? I turn forwards and backwards, to turn backwards and forwards. I move on, bulging with all the experiences I have gathered for myself within me.",,,,"[{'adult': False, 'gender': 0, 'id': 3907183, 'known_for_department': 'Directing', 'name': 'Helena Sachs', 'original_name': 'Helena Sachs', 'popularity': 0.6, 'profile_path': None, 'credit_id': '63dfcf9cffd44d00937abead', 'department': 'Directing', 'job': 'Director'}]",[],[]
40,1082908,False,0,[],de,Nick 'n' Stevie,0.6,[],[],2022-01-01,0,13,[],Released,,0.0,0,False,Nick 'n' Stevie,,"Two mafia gangsters play around in the office of their boss, while waiting for their new mission. But they’re bored of the same old stuff: To kill someone…",,,/2ChaH7bvER72AIPSQW1rmMjRVM2.jpg,"[{'adult': False, 'gender': 0, 'id': 3906980, 'known_for_department': 'Directing', 'name': 'Leander Kretschmer', 'original_name': 'Leander Kretschmer', 'popularity': 0.6, 'profile_path': None, 'credit_id': '63dfb090373ac2007f01c61c', 'department': 'Directing', 'job': 'Director'}]","[{'adult': False, 'gender': 0, 'id': 3293326, 'known_for_department': 'Acting', 'name': 'Markus Halbe', 'original_name': 'Markus Halbe', 'popularity': 0.6, 'profile_path': None, 'cast_id': 2, 'character': '', 'credit_id': '63dfb110e55937009ffe9120', 'order': 0}, {'adult': False, 'gender': 0, 'id': 3906986, 'known_for_department': 'Acting', 'name': 'Laurien Marcus Goujard', 'original_name': 'Laurien Marcus Goujard', 'popularity': 0.6, 'profile_path': None, 'cast_id': 3, 'character': '', 'credit_id': '63dfb122373ac20085d818b6', 'order': 1}, {'adult': False, 'gender': 0, 'id': 3906987, 'known_for_department': 'Acting', 'name': 'Gedeon Holtkämper', 'original_name': 'Gedeon Holtkämper', 'popularity': 0.6, 'profile_path': None, 'cast_id': 4, 'character': '', 'credit_id': '63dfb129e55937009ffe912f', 'order': 2}]",[]
41,1082906,False,0,[],en,Let the darkness swallow you,0.6,[],[],2022-01-01,0,11,[],Released,,0.0,0,False,Let the darkness swallow you,,"In the music video of the black metal band Toadeater, four people are stuck in a black liquid in a secret place. They have to free themselves before the darkness threatens to swallow them. In the process, the coarse-grained black-and-white images and the intense music of Toadeater merge into a maelstrom-like nightmare full of pain, anger and beauty.",,,,"[{'adult': False, 'gender': 2, 'id': 2002312, 'known_for_department': 'Writing', 'name': 'Peter Ahlers', 'original_name': 'Peter Ahlers', 'popularity': 0.728, 'profile_path': '/cr7BjSTBRKnhwTHyp5hXOztqWjI.jpg', 'credit_id': '63dfaebacd20460081e23df7', 'department': 'Directing', 'job': 'Director'}, {'adult': False, 'gender': 0, 'id': 2479389, 'known_for_department': 'Costume & Make-Up', 'name': 'Line Sluyter-Gäthje', 'original_name': 'Line Sluyter-Gäthje', 'popularity': 0.6, 'profile_path': None, 'credit_id': '63dfae9c373ac200cafdb94b', 'department': 'Directing', 'job': 'Director'}]","[{'adult': False, 'gender': 0, 'id': 3906974, 'known_for_department': 'Acting', 'name': 'Toadeater', 'original_name': 'Toadeater', 'popularity': 0.6, 'profile_path': None, 'cast_id': 3, 'character': 'themself', 'credit_id': '63dfaefa9974ee0b63f2beda', 'order': 0}]",[]
42,1082904,False,0,[],de,Hängt ihn!,0.6,[],[],2022-01-01,0,10,[],Released,,0.0,0,False,Hang him!,,"Self-determination, emancipation and justice. All of these should be taken for granted in this day and age. Nevertheless, views that are often outdated continue to determine our present. With a look into the past, the Western should lead us to become aware of these problems in order to separate ourselves from them.",,,/gcIzFF5TytdZr7MLfQIqfyvhaQF.jpg,"[{'adult': False, 'gender': 0, 'id': 3726088, 'known_for_department': 'Camera', 'name': 'Luzian Massarrat', 'original_name': 'Luzian Massarrat', 'popularity': 0.6, 'profile_path': None, 'credit_id': '63dfad9c9974ee0b6b761cd6', 'department': 'Directing', 'job': 'Director'}]",[],[]
43,1082902,False,0,[],de,Eis oder nicht Eis,0.6,[],[],2022-01-01,0,5,[],Released,,0.0,0,False,Ice or not ice,,"A young man wants to become an actor, but he puts so much pressure on himself that he gets problems in his everyday life.",,,,"[{'adult': False, 'gender': 0, 'id': 3903226, 'known_for_department': 'Directing', 'name': 'Sven Bohde', 'original_name': 'Sven Bohde', 'popularity': 0.6, 'profile_path': None, 'credit_id': '63dfac04ce5d8200f3c16714', 'department': 'Directing', 'job': 'Director'}]",[],[]
44,1082899,False,0,[],de,Die Einsamkeit der Echsen,0.6,[],[],2022-01-01,0,14,[],Released,,0.0,0,False,Die Einsamkeit der Echsen,,"Ralph suffers from burnout. And is a reptiloid. A film crew portrays the once successful businessman in his cluttered apartment and investigates the question of whether Ralph is really a lizard man who seeks world domination, or a lonely, confused man who is really just looking for love and attention.",,,,"[{'adult': False, 'gender': 2, 'id': 1668257, 'known_for_department': 'Directing', 'name': 'Christopher Kaufmann', 'original_name': 'Christopher Kaufmann', 'popularity': 0.6, 'profile_path': '/qHbsdh4SSpW4n2dZUY76bs3hyHJ.jpg', 'credit_id': '63dfa9cece5d82007ca494c8', 'department': 'Directing', 'job': 'Director'}]","[{'adult': False, 'gender': 2, 'id': 1473224, 'known_for_department': 'Acting', 'name': 'Heinz Weixelbraun', 'original_name': 'Heinz Weixelbraun', 'popularity': 4.147, 'profile_path': '/bVb2xdltvGE3h9OxEglDC0b4rTs.jpg', 'cast_id': 2, 'character': 'Ralph Meier', 'credit_id': '63dfaa2a9974ee0b85383918', 'order': 0}, {'adult': False, 'gender': 0, 'id': 3862106, 'known_for_department': 'Acting', 'name': 'Hannah Meyer Cosack', 'original_name': 'Hannah Meyer Cosack', 'popularity': 0.6, 'profile_path': None, 'cast_id': 3, 'character': 'Redakteurin', 'credit_id': '63dfaa48cd20460081e23cb5', 'order': 1}]",[]
45,1082896,False,0,[],de,Jeden ersten Sonntag,0.6,[],[],2022-01-01,0,89,[],Released,,0.0,0,False,Every first Sunday,,"A theatre group in the German provinces. Some live here, others travel for the rehearsal weekends, returning home for a few days. They all share a love of making theatre and a desire to address relevant social issues on stage. Marianne, who also directs the plays, writes them and they rehearse on her cold barn floor. They are about the conflicts in our society - the new work is about food: the consumption of meat, consumerism, vegetarianism and bulimia. After rehearsals, the participants sit together over coffee and cake in cigarette smoke, planning, gossiping and exchanging ideas about what is happening in their lives. In this motley community, everyone has their own burdens, worries, hopes and problems. But everything is put on the table with an openness that quickly makes it clear that this is not just about playing theatre.",,,,"[{'adult': False, 'gender': 0, 'id': 2154918, 'known_for_department': 'Editing', 'name': 'Urte Alfs', 'original_name': 'Urte Alfs', 'popularity': 0.6, 'profile_path': None, 'credit_id': '63dfa85f9974ee0b73706570', 'department': 'Directing', 'job': 'Director'}]",[],[]
46,1082895,False,0,[],de,Cancelled,0.6,[],[],2022-01-01,0,17,[],Released,,0.0,0,False,Cancelled,,"For a long time, her father was just a blind spot. Only a box of Super 8 films set the puzzle of memories in motion. And a story emerges - in all the colors of the 70s.",,,/q98oqEUJ81QxlmYpy57pulPoWkj.jpg,"[{'adult': False, 'gender': 1, 'id': 2699751, 'known_for_department': 'Directing', 'name': 'Daniela Opp', 'original_name': 'Daniela Opp', 'popularity': 0.6, 'profile_path': None, 'credit_id': '63dfa69f373ac200b560ac05', 'department': 'Directing', 'job': 'Director'}]",[],[]
47,1082890,False,0,[],de,Rumpimmeln,0.6,[],[],2022-01-01,0,26,[],Released,,0.0,0,False,Dick Around,,"Johannes and Claas – a friendship overshadowed by an inability to express feelings and their lack of prospects. Their walk with a bottle of Korn takes a peculiar journey between bragging and speechlessness, Ballermann-Music and Expressionistic Nature Poetry, folkloric Trachtenverein and toxic masculinity.",,,/9MLAgUYZmZv6Pu18B67NhIQK7a8.jpg,"[{'adult': False, 'gender': 2, 'id': 3906933, 'known_for_department': 'Directing', 'name': 'Dominic Stermann', 'original_name': 'Dominic Stermann', 'popularity': 0.6, 'profile_path': None, 'credit_id': '63dfa5099974ee0bab66c820', 'department': 'Directing', 'job': 'Director'}]",[],[]
48,1082883,False,0,[],de,Akteneinsicht,0.6,[],[],2022-01-01,0,18,[],Released,,0.0,0,False,File inspection,,"While cleaning up their deceased father's apartment, two brothers find files that say their father was under surveillance by a Stasi informer. The IM (unofficial collaborator) is the man who was who was their loving stepfather for 35 years.",,,/ffxxpU1q76QaYZXzVYV3PiO1O0k.jpg,"[{'adult': False, 'gender': 2, 'id': 3278801, 'known_for_department': 'Acting', 'name': 'Björn Warns', 'original_name': 'Björn Warns', 'popularity': 0.6, 'profile_path': None, 'credit_id': '63dfa0918741c400c7f2552d', 'department': 'Directing', 'job': 'Director'}]",[],[]
